Sample Name,Waste Stream Source,Year,Size,Mg (%),Al (%),Si (%),P (%),S (%),Cl (%),K (%),Ca (%),Ti (?g/g),V (?g/g),Cr (?g/g),Mn (?g/g),Fe (%),Co (%),Ni (?g/g),Cu (?g/g),Zn (?g/g),As (?g/g),Br (?g/g),Rb (?g/g),Sr (?g/g),Pb (?g/g)
comp city 2006 1.1,Municipal (City Vendors)  ,2006,BULK,0.29,2.29,13.41,0.27,0.33,0.02,0.9,3.2,1943,< 19,69.7,799,1.66,< 16,18.6,79.6,331.6,< 4.2,5.9,42.6,156.6,250.3
comp city 2006 1.2,Municipal (City Vendors)  ,2006,BULK,0.29,2.21,12.37,0.27,0.34,0.01,0.87,3.41,1841,28.5,61.6,861,1.68,17.5,20.3,72.1,362.4,< 4.3,6.4,42.7,161.3,265
Comp city 2006 1.3,Municipal (City Vendors)  ,2006,BULK,0.33,2.2,12.52,0.27,0.34,0.01,0.86,3.34,1789,18.9,63.2,785,1.64,18.8,19.7,79.7,330.7,< 4.1,5.9,42,153.3,244.8
Comp city 2006 average,Municipal (City Vendors)  ,2006,BULK,0.3,2.23,12.77,0.27,0.34,0.01,0.88,3.32,1857.67,23.7,64.83,815,1.66,18.15,19.53,77.13,341.57,,6.07,42.43,157.07,253.37
comp city 2008 1.1,Municipal (City Vendors)  ,2008,BULK,0.26,3.2,17.33,0.3,0.32,0.05,1.19,3.27,2484,31.5,74.7,818,2.06,< 19,26.4,134.2,419.4,< 4.9,6.6,48.6,171,303.4
Comp city 2008 1.2,Municipal (City Vendors)  ,2008,BULK,0.32,2.8,14.58,0.3,0.36,0.06,1.08,3.86,2259,< 22,77.2,877,1.96,18.4,26.5,163.1,457.9,< 5.1,7.2,46,171.4,328.1
comp city 2008 1.3,Municipal (City Vendors)  ,2008,BULK,0.34,2.94,14.99,0.31,0.35,0.05,1.14,3.75,2317,< 22,90.4,877,2.04,19.4,29.3,134.7,441.5,< 5.0,7,48.1,171.1,317.2
comp city 2008,Municipal (City Vendors)  ,2008,BULK,0.31,2.98,15.63,0.3,0.34,0.05,1.14,3.63,2353.33,31.5,80.77,857.33,2.02,18.9,27.4,144,439.6,,6.93,47.57,171.17,316.23
BU P1 A1,Municipal (City Vendors)  ,2009,BULK,0.27,0.99,6.88,0.21,0.34,0.02,0.39,3.88,1236,0,37.7,704.3,0.78,< 10,10.9,37.3,270.3,< 3.2,8,22.7,161.6,191
BU P1 A2,Municipal (City Vendors)  ,2009,BULK,0.29,1.16,6.62,0.22,0.32,0.02,0.41,3.29,1012,19.3,40.8,713.8,0.9,< 10,12.7,38.4,262.8,< 3.3,7.1,24.1,141.4,201.9
BU P1 A3,Municipal (City Vendors)  ,2009,BULK,0.26,0.95,6.18,0.19,0.34,0.01,0.28,4.01,824.4,0,43.8,747.2,0.74,12.1,10.2,45.8,329.1,< 3.5,56.3,24.3,166.9,231.6
BU P1 A4,Municipal (City Vendors)  ,2009,BULK,0.33,1.02,6.54,0.22,0.31,0.02,0.53,3.98,847,0,51.2,664.2,0.93,9.9,13.9,51.5,298.5,3.1,7.3,22.1,162.4,218.9
BU P1 A5,Municipal (City Vendors)  ,2009,BULK,0.25,0.85,5.3,0.18,0.31,0.01,0.26,3.89,721.6,< 11,41.4,755.7,0.68,10.9,9.9,44.6,325.7,< 3.3,8,18.2,173.8,212.2
BU P1 A6,Municipal (City Vendors)  ,2009,BULK,0.35,1.12,6.57,0.21,0.32,0.01,0.5,3.77,931.6,15.6,47.7,641.8,0.91,10.1,13.6,54.8,285.9,< 3.5,6,21.7,148.3,218.5
BU P1 A average,Municipal (City Vendors)  ,2009,BULK,0.29,1.01,6.35,0.21,0.32,0.02,0.39,3.8,928.77,6.98,43.77,704.5,0.82,10.75,11.87,45.4,295.38,3.1,15.45,22.18,159.07,212.35
BU P1 B1,Municipal (City Vendors)  ,2009,BULK,0.31,0.89,5.4,0.14,0.26,0.02,0.44,3.82,786.3,< 12,48.4,461.2,0.86,< 9.8,10.6,41.4,197.5,< 3.0,3.8,18.2,135.3,168.4
BU P1 B2,Municipal (City Vendors)  ,2009,BULK,0.28,1.14,6.55,0.18,0.27,0.08,0.71,3.59,985.5,< 13,50.8,491.7,1.09,11.2,12.2,46.9,212.9,< 3.4,3.6,21.2,137.5,214.5
BU P1 B3,Municipal (City Vendors)  ,2009,BULK,0.38,1.18,6.01,0.23,0.26,0.08,0.87,3.64,1518,< 15,55.5,512.3,1.07,< 11,14.6,50.2,244.5,3.2,5.1,22.5,142.7,193.5
BU P1 B4,Municipal (City Vendors)  ,2009,BULK,0.43,0.92,6.16,0.26,0.35,0.01,0.38,4.18,828.4,< 12,55.1,722.1,0.71,14.4,12.2,40.5,302.9,4.3,9.9,21.3,175.6,193.8
p1 B5,Municipal (City Vendors)  ,2009,BULK,0.44,0.99,6.2,0.24,0.35,0.01,0.51,4.02,885.3,< 12,31.6,679.3,0.75,11.2,10.8,40.6,291.1,< 3.3,9.5,21.7,170.5,198.5
p1 B6,Municipal (City Vendors)  ,2009,BULK,0.37,1.19,6.78,0.22,0.31,0.03,0.78,3.81,1128,17,54.9,590.1,1.07,< 11,12.6,48.1,483.2,< 3.5,8,23.8,158,217.8
BU P1 B average,Municipal (City Vendors)  ,2009,BULK,0.37,1.05,6.18,0.21,0.3,0.04,0.61,3.84,1021.92,17,49.38,576.12,0.92,12.27,12.17,44.62,288.68,3.75,6.65,21.45,153.27,197.75
p2 S1,Municipal (City Vendors)  ,2009,BULK,0.37,2.54,15.62,0.32,0.4,0.1,1.16,3.79,1671,41,77.9,794,1.82,< 17,20.6,79.1,316.2,8,5.1,45.6,129.7,203.5
p2 S2,Municipal (City Vendors)  ,2009,BULK,0.54,1.8,9.52,0.32,0.4,0.13,0.99,3.83,1383,41.4,55.9,769,1.58,< 15,19.2,58.1,360.1,5.2,6.7,30.7,152.3,234.4
BU P2 S average,Municipal (City Vendors)  ,2009,BULK,0.46,2.17,12.57,0.32,0.4,0.11,1.07,3.81,1527,41.2,66.9,781.5,1.7, NA,19.9,68.6,338.15,6.6,5.9,38.15,141,218.95
wendy1.1,Municipal (City Vendors)  ,2010,BULK,0.31,1.13,6.76,0.14,0.3,0.15,0.75,2.63,978.3,17,53.9,399.3,0.77,14.4,12.9,38.4,240.1,5.5,5.6,19.7,99.8,165.7
wendy1.2,Municipal (City Vendors)  ,2010,BULK,0.29,1.27,7.82,0.15,0.3,0.15,0.75,2.56,1102,< 13,51.9,408.5,0.78,14.4,13.9,38.9,249.7,5.8,5.9,20.4,99.7,173.2
wendy1.3,Municipal (City Vendors)  ,2010,BULK,0.27,1.5,8.41,0.17,0.32,0.16,0.88,2.7,1557,< 16,52.8,440.8,0.91,11.2,12.8,41.1,240.2,6,5.7,26.3,109.6,167.4
wendy2.1,Municipal (City Vendors)  ,2010,BULK,0.33,1.16,6.67,0.14,0.28,0.15,0.73,2.52,988.7,< 12,51.2,406.4,0.77,11.7,12.4,32.4,218.5,5.4,5.3,19.9,101.1,158.4
wendy2.2,Municipal (City Vendors)  ,2010,BULK,0.31,1.16,6.46,0.14,0.27,0.14,0.7,2.38,831.7,14.9,53.4,378.5,0.67,11.1,11,34.5,222.6,5.8,5.7,16.9,98.4,164.6
wendy2.3,Municipal (City Vendors)  ,2010,BULK,0.42,1.27,7.32,0.15,0.32,0.18,0.81,2.72,1511,< 16,53.8,414.1,0.75,12.8,11.8,32.8,225.2,5.6,5.5,19.6,100.3,168.5
Wendy average,Municipal (City Vendors)  ,2010,BULK,0.32,1.25,7.24,0.15,0.3,0.15,0.77,2.59,1161.45,15.95,52.83,407.93,0.77,12.6,12.47,36.35,232.72,5.68,5.62,20.47,101.48,166.3
bag#3.1,Municipal (City Vendors)  ,2010,BULK,0.48,1.36,8.12,0.21,0.33,0.17,0.85,3.37,1037,< 14,55.3,521.1,0.84,13.4,10.8,51.5,284.2,4,7,21.4,132.8,165.7
bag#3.2,Municipal (City Vendors)  ,2010,BULK,0.48,1.32,8.14,0.2,0.34,0.16,0.84,3.31,970.8,< 14,47.2,498,0.83,13.5,9.8,46,257.2,2.9,6.7,22.4,144.4,162.6
bag#3.3,Municipal (City Vendors)  ,2010,BULK,0.46,1.32,7.84,0.2,0.31,0.16,0.84,3.44,929.4,< 13,56.7,537.4,0.85,15,11.7,45.6,281.2,5.1,6.5,23.6,133.8,170.2
bag3#2,Municipal (City Vendors)  ,2010,BULK,0.68,1.31,8.28,0.25,0.37,0.27,1.05,3.53,993.8,< 14,52,587.8,0.82,12.2,13.4,41.7,328.5,4.2,9.3,22.1,138.7,207.9
bag3#3,Municipal (City Vendors)  ,2010,BULK,0.57,1.42,9.09,0.23,0.34,0.28,1.05,3.35,1106,< 15,55.9,549.8,0.8,13,11.5,39.6,297.2,6.7,9.1,20.1,135.3,199.7
Bag 3 average,Municipal (City Vendors)  ,2010,BULK,0.54,1.34,8.29,0.22,0.34,0.21,0.92,3.4,1007.4, NA,53.42,538.82,0.83,13.42,11.44,44.88,289.66,4.58,7.72,21.92,137,181.22
bag#4.1,Municipal (City Vendors)  ,2010,BULK,0.42,1.13,6.59,0.23,0.34,0.04,0.42,3.62,860.5,< 12,40.1,572.5,0.8,9.7,9.7,41.2,287,< 3.2,6.7,20.4,153.6,195.4
bag#4.2,Municipal (City Vendors)  ,2010,BULK,0.43,1.03,6.32,0.22,0.33,0.03,0.41,3.49,759.3,13.7,39,620.5,0.83,10.1,9,39.2,313.2,< 3.1,7.1,19.5,158.2,195.2
bag#4.3,Municipal (City Vendors)  ,2010,BULK,0.44,1.05,6.71,0.22,0.34,0.04,0.42,3.61,764.6,< 11,43.4,596.1,0.81,< 9.6,11.2,41.3,298.3,3,6.6,18.8,154.5,182.9
bag4#1,Municipal (City Vendors)  ,2010,BULK,0.53,1.29,6.42,0.33,0.41,0.04,0.45,3.88,846.9,< 12,43.2,699.3,0.89,9.7,11.3,41.5,379.6,2.9,7.5,18.6,171.4,205.1
bag4#2,Municipal (City Vendors)  ,2010,BULK,0.58,1.29,7.08,0.33,0.42,0.04,0.5,4.09,973.4,20,48.5,758.6,1.19,16.6,13.3,42.3,379.3,4.6,7.1,23.1,155.7,215.4
bag4#3,Municipal (City Vendors)  ,2010,BULK,0.6,1.23,6.82,0.33,0.42,0.04,0.47,4.08,995.3,< 13,52.9,744,0.94,12.3,12.8,43.6,382.4,3.4,7.2,24.1,165.7,215.8
Bag 4 average,Municipal (City Vendors)  ,2010,BULK,0.5,1.17,6.66,0.28,0.38,0.04,0.45,3.8,866.67,16.85,44.52,665.17,0.91,11.68,11.22,41.52,339.97,3.48,7.03,20.75,159.85,201.63
Jar1-1,Municipal (City Vendors)  ,2010,BULK,0.31,1.12,6.61,0.15,0.29,0.16,0.85,2.81,1065,< 14,51.5,429.1,0.8,15.2,12.3,42.3,250.4,5.4,6.5,21,104.3,182.4
Jar1-2,Municipal (City Vendors)  ,2010,BULK,0.26,1.03,5.79,0.13,0.28,0.14,0.77,2.78,916.5,< 12,55.3,420.3,0.81,12.1,13.8,44.5,251.5,7.1,6.1,21.4,101,173.7
Jar1-3,Municipal (City Vendors)  ,2010,BULK,0.27,1.02,6.08,0.13,0.28,0.16,0.79,2.71,977.6,< 13,54.6,408.6,0.77,17,14,41.4,242.3,6.3,6.3,18.6,98,171.2
Jar 1 average,Municipal (City Vendors)  ,2010,BULK,0.28,1.06,6.16,0.14,0.28,0.16,0.8,2.77,986.37, NA,53.8,419.33,0.79,14.77,13.37,42.73,248.07,6.27,6.3,20.33,101.1,175.77
Jar3-1,Municipal (City Vendors)  ,2010,BULK,0.45,1.11,6.98,0.19,0.32,0.19,0.9,3.36,1028,< 14,54.4,539.1,0.79,< 9.8,10.6,42.9,281.2,< 3.6,7.1,20.4,137.7,231.4
Jar3-2,Municipal (City Vendors)  ,2010,BULK,0.49,1.04,6.44,0.21,0.33,0.2,0.89,3.43,883.5,< 13,45.2,555.6,0.82,< 10,11.8,50.6,309,3.4,8.4,21.6,142.8,245.9
Jar3-3,Municipal (City Vendors)  ,2010,BULK,0.57,1.31,8.09,0.25,0.41,0.23,1.08,3.98,1251,20.4,62.8,629.1,1.15,16.3,12.5,44.8,297.2,< 4.5,7,35,146.1,297
Jar 3A,Municipal (City Vendors)  ,2010,BULK,0.45,1.03,6.26,0.2,0.3,0.14,0.75,3.46,897.9,< 13,52.3,548.2,0.85,< 10,12,52.2,274.2,< 3.1,6.9,20.4,135.8,170
Jar3B,Municipal (City Vendors)  ,2010,BULK,0.42,1.23,7.85,0.24,0.35,0.13,0.88,3.99,937.4,< 14,53.7,673.9,0.94,12,10.5,45,293.2,4.1,7.4,24.3,154.5,169.2
Jar 3C,Municipal (City Vendors)  ,2010,BULK,0.48,1.39,9.25,0.26,0.38,0.16,1,4.13,1417,< 17,54.8,678,1.17,< 14,13.9,47,319.5,7.6,6.8,41.5,149.4,177.6
Jar 3 average,Municipal (City Vendors)  ,2010,BULK,0.48,1.18,7.48,0.22,0.35,0.17,0.91,3.72,1069.13,20.4,53.87,603.98,0.95,14.15,11.88,47.08,295.72,5.03,7.27,27.2,144.38,215.18
Jar4-1,Municipal (City Vendors)  ,2010,BULK,0.48,1.04,6.57,0.35,0.44,0.05,0.53,4.15,891,< 13,43.7,828,1.05,< 11,12.9,39.5,423.5,< 3.6,7,21,168.3,219.6
Jar4-2,Municipal (City Vendors)  ,2010,BULK,0.44,0.98,6.28,0.32,0.42,0.05,0.51,4.08,934,18.7,50.9,851.1,1.13,13.3,13.9,40.4,442.2,< 3.5,6.6,22,162.1,219.9
Jar4-3,Municipal (City Vendors)  ,2010,BULK,0.48,0.97,5.99,0.33,0.42,0.05,0.51,4.11,857.1,< 12,44.9,848.8,1.07,< 11,13.9,41.6,447,< 3.6,7,20.9,170.1,224.5
Jar 4 average,Municipal (City Vendors)  ,2010,BULK,0.47,1,6.28,0.33,0.42,0.05,0.52,4.11,894.03,18.7,46.5,842.63,1.08,13.3,13.57,40.5,437.57,,6.87,21.3,166.83,221.33
Jar5-A,Municipal (City Vendors)  ,2010,BULK,0.22,0.96,6.27,0.13,0.29,0.11,0.71,3.1,908.8,< 12,57.9,311.7,0.69,11.5,9.9,33.6,193.6,< 3.3,4.6,18,131.7,209
Jar 5 c,Municipal (City Vendors)  ,2010,BULK,0.16,0.83,6.4,0.11,0.25,0.11,0.64,2.6,836.5,< 11,37.8,283.5,0.63,< 8.1,10.1,31.1,167.8,< 3.0,4.3,17.5,129.3,189.6
Jar 5-B ,Municipal (City Vendors)  ,2010,BULK,0.3,1.1,7.17,0.14,0.32,0.13,0.81,3.42,958.1,< 13,53.3,351.3,0.77,15.3,10.9,37.3,204.7,7.3,4.6,20.9,138.9,210.4
Jar 5 average,Municipal (City Vendors)  ,2010,BULK,0.23,0.97,6.61,0.12,0.29,0.11,0.72,3.04,901.13, NA,49.67,315.5,0.7,13.4,10.3,34,188.7,6.21,6.21,6.21,6.21,203
Other-1,Municipal (City Vendors)  ,2010,BULK,0.82,1.61,7.86,0.36,0.52,0.17,1.12,4.09,1174,16.7,68.3,946,1.54,20.9,20.3,69.2,405.5,7.9,9.4,30.1,162.9,191.6
Other-2,Municipal (City Vendors)  ,2010,BULK,0.79,1.76,9.02,0.37,0.44,0.18,1.15,3.65,1290,< 16,51.8,907,1.51,14.2,17,61.6,404.5,4.3,10.7,30.1,156.3,192.2
Other-3,Municipal (City Vendors)  ,2010,BULK,0.68,1.57,8.07,0.33,0.42,0.16,1.06,3.45,1122,< 15,60.9,844,1.42,16.6,18.9,66,398.2,4.7,9.7,29.2,152.7,196.4
Other average,Municipal (City Vendors)  ,2010,BULK,0.76,1.65,8.32,0.35,0.46,0.17,1.11,3.73,1195.33,16.7,60.33,899,1.49,17.23,18.73,65.6,402.73,5.63,9.93,29.8,157.3,193.4
AN 4.1,Municipal (City Vendors)  ,2010,BULK,0.44,1,6.34,0.29,0.4,0.06,0.53,4.33,922.4,< 13,49.6,810,1.02,< 11,12.1,49.1,457.8,3.9,7.8,21.9,173.4,217.6
AN 4.2,Municipal (City Vendors)  ,2010,BULK,0.44,1,6.27,0.31,0.39,0.04,0.5,4.21,822.3,14.6,40,805.7,1,14.2,12.3,49.5,446.6,< 3.5,7.9,18.6,168.5,220.7
AN 4.3,Municipal (City Vendors)  ,2010,BULK,0.45,1.03,6.33,0.3,0.4,0.05,0.51,4.39,1104,< 14,48.1,867,1.08,11.7,13.9,53.5,459.1,3.1,7.7,20.4,175.3,218.8
AN average,Municipal (City Vendors)  ,2010,BULK,0.44,1.01,6.31,0.3,0.4,0.05,0.51,4.31,949.57,14.6,45.9,827.57,1.03,12.95,12.77,50.7,454.5,3.5,7.8,20.3,172.4,219.03
wcom1.1,Municipal (City Vendors)  ,2010,BULK,0.21,0.9,5.66,0.13,0.26,0.12,0.66,2.43,916.9,< 12,48.3,371,0.72,9.5,11.3,32.5,222.6,5.5,5.1,19.8,101.1,159.3
wcom1.2,Municipal (City Vendors)  ,2010,BULK,0.25,0.89,5.26,0.12,0.25,0.15,0.68,2.42,817.4,< 11,45.1,372.7,0.68,11,10.1,34,225.2,2.7,6,18.8,109.4,159.3
wcom1.3,Municipal (City Vendors)  ,2010,BULK,0.22,0.89,6,0.13,0.25,0.14,0.66,2.26,903.4,< 11,39.9,363,0.72,< 8.6,10.2,30.8,213.2,3.7,4.8,22.7,107.3,149.8
wcom average,Municipal (City Vendors)  ,2010,BULK,0.23,0.89,5.64,0.13,0.25,0.13,0.67,2.37,879.23, NA,44.43,368.9,0.71,10.25,10.53,32.43,220.33,3.97,5.3,20.43,105.93,156.13
wcom 2,Municipal (City Vendors)  ,2010,BULK,0.24,1.14,7.92,0.14,0.33,0.13,0.84,3.41,1047,< 14,54.7,385.6,0.86,13.9,12.2,42.1,227.5,3.6,5.1,21.1,139,236.1
Wcom2.2,Municipal (City Vendors)  ,2010,BULK,0.27,1.13,7.6,0.15,0.33,0.12,0.85,3.36,1056,14.2,55.4,380.3,0.81,17.6,11.8,41,222.5,4.9,5.5,18.5,132.3,224.7
wcom2 average,Municipal (City Vendors)  ,2010,BULK,0.26,1.13,7.76,0.15,0.33,0.13,0.84,3.38,1051.5,14.2,55.05,382.95,0.84,15.75,12,41.55,225,4.25,5.3,19.8,135.65,230.4
Wcom5.1,Municipal (City Vendors)  ,2010,BULK,0.24,1.08,7.35,0.13,0.3,0.12,0.79,3.5,969.1,13.6,56.7,357.4,0.79,15.1,11.2,36.2,222.6,4.7,4.8,18.3,144.6,225
Wcom5.2,Municipal (City Vendors)  ,2010,BULK,0.24,1.11,8.14,0.14,0.33,0.12,0.85,3.44,1140,< 15,64.5,383,0.83,< 10,12.9,38.8,221.6,4.9,4.9,21.9,147.9,225.2
Wcom5.3,Municipal (City Vendors)  ,2010,BULK,0.2,0.91,6.59,0.11,0.26,0.11,0.66,2.69,882.5,< 12,50.5,325,0.71,11.7,9.7,39.3,197.5,< 3.3,4.6,19.7,132.7,231.5
wcom average,Municipal (City Vendors)  ,2010,BULK,0.23,1.03,7.36,0.13,0.3,0.12,0.76,3.21,997.2,13.6,57.23,355.13,0.78,13.4,11.27,38.1,213.9,4.8,4.77,19.97,141.73,227.23
Homog1,Municipal (City Vendors)  ,2010,BULK,0.7,1.3,7.05,0.33,0.42,0.15,0.99,3.81,1099,< 15,45.5,800,1.36,20.9,16.8,81.3,466.8,4.1,9.9,29.1,157.4,202.5
Homog2,Municipal (City Vendors)  ,2010,BULK,0.74,1.37,7.26,0.35,0.44,0.16,1.04,4.13,1087,< 15,56.1,850,1.39,< 14,16.7,93.9,472.1,4.5,9.6,26.5,167.8,205
Homog3,Municipal (City Vendors)  ,2010,BULK,0.68,1.37,7.76,0.33,0.41,0.15,1,3.97,1172,< 15,55.5,831,1.35,16.9,16.2,103.8,468.2,7.4,9.8,27.8,166.6,205.1
Homog average,Municipal (City Vendors)  ,2010,BULK,0.71,1.35,7.36,0.33,0.42,0.16,1.01,3.97,1119.33, NA,52.37,827,1.37,18.9,16.57,93,469.03,5.33,9.77,27.8,163.93,204.2
COMPCITYUFL2010-BULK,Municipal (City Vendors)  ,2010,BULK,0.26,2.32,12.02,0.26,0.32,0.03,0.85,3.47,1772,38.1,73.4,780,1.75,16.2,20.3,90.5,375.6,4.6,6.8,39.2,155.5,264.9
BCC 1-A bulk,Municipal (City Vendors)  ,2011,BULK,0.33,2.46,12.01,0.38,0.35,,1.28,2.8,1930,28.6,70.9,619.3,1.56,,17.9,94.6,396.8,9.5,8.2,46.2,138.3,403.6
BCC 3 bulk,Municipal (City Vendors)  ,2011,BULK,0.27,2.02,9.18,0.3,0.27,,0.93,2.53,1764,18.2,52.9,588.3,1.43,,17.8,83,442.9,5,8,33.4,132.8,437.3
BCC average,Municipal (City Vendors)  ,2011,BULK,0.3,2.24,10.6,0.34,0.31, NA,1.11,2.67,1847,23.4,61.9,603.8,1.5, NA,17.85,88.8,419.85,7.25,8.1,39.8,135.55,420.45
3-10 1a,Municipal (City Vendors)  ,2010,BULK,0.39,3.28,15.08,0.39,0.39,0.1,1.22,3.13,2298,32.9,73.7,715.33,1.88,21.1,17.73,60.43,269.17,5.4,6.57,46.37,147.87,231.4
3-10 1b,Municipal (City Vendors)  ,2010,BULK,0.36,3.31,15.39,0.39,0.4,0.11,1.26,3.19,2202,31.77,79.1,716,1.75,15.4,19.53,61.87,277.07,5.13,6.47,47.8,144.2,219.07
3-10 1c,Municipal (City Vendors)  ,2010,BULK,0.38,3.13,13.93,0.37,0.38,0.1,1.19,3.19,2285,36.13,70.87,756,1.73,19.07,21.13,66.83,298.37,5.63,7.5,43,152.67,241.77
Apple 3-10 1 average,Municipal (City Vendors)  ,2010,BULK,0.38,3.24,14.8,0.38,0.39,0.1,1.22,3.17,2261.67,33.6,74.56,729.11,1.79,18.52,19.47,63.04,281.53,5.39,6.84,45.72,148.24,230.74
3-10 2a,Municipal (City Vendors)  ,2010,BULK,0.37,3.35,15.8,0.39,0.4,0.1,1.24,3.26,2180.67,35.47,75.13,711,1.77,17.33,17.73,71.4,269.67,4.6,6.33,47.77,151.8,244.23
3-10 2b,Municipal (City Vendors)  ,2010,BULK,0.32,3.28,15.97,0.39,0.38,0.1,1.25,3.09,2350.67,27.85,71.2,717.33,1.8,16.75,18.67,67.63,289.07,4.1,7.3,45.87,152.17,253.37
3-10 2c,Municipal (City Vendors)  ,2010,BULK,0.39,2.87,12.45,0.35,0.37,0.12,1.11,3.17,2037,27.43,64,751.67,1.69,19.25,19.23,84.2,314.77,4.37,8.27,40.63,154.93,281.73
Apple 3-10 2 average,Municipal (City Vendors)  ,2010,BULK,0.36,3.17,14.74,0.37,0.38,0.11,1.2,3.17,2189.44,30.25,70.11,726.67,1.75,17.78,18.54,74.41,291.17,4.36,7.3,44.76,152.97,259.78
3-10 3a,Municipal (City Vendors)  ,2010,BULK,0.37,3.32,15.92,0.38,0.37,0.1,1.26,3.11,2506,33,69.67,732,1.81,21.5,19.03,54.87,270.47,4.9,7.23,46,148.2,232.37
3-10 3b,Municipal (City Vendors)  ,2010,BULK,0.36,3.36,16.19,0.39,0.38,0.11,1.29,3.09,2361.33,33.67,74.03,697.33,1.69,19.2,18.07,54.5,267.7,5,6.53,46.6,147.3,226.4
3-10 3c,Municipal (City Vendors)  ,2010,BULK,0.32,3.24,16.18,0.37,0.38,0.1,1.2,3.02,2249.33,29.8,68.63,667.33,1.68,18.47,15.93,49.2,238.7,3.4,5.77,45.47,142.8,208.43
Apple 3-10 average,Municipal (City Vendors)  ,2010,BULK,0.35,3.31,16.1,0.38,0.38,0.1,1.25,3.07,2372.22,32.16,70.78,698.89,1.73,19.72,17.68,52.86,258.96,4.43,6.51,46.02,146.1,222.4
3-10 4a,Municipal (City Vendors)  ,2010,BULK,0.35,3.42,16.42,0.39,0.38,0.1,1.29,3.1,2426.67,32.67,80.37,739.67,1.81,19.65,18.87,58.03,288.6,4.8,6.77,49.3,156.9,276.6
Apple 3-10 4b,Municipal (City Vendors)  ,2010,BULK,0.3,3.15,15.36,0.34,0.35,0.11,1.18,2.96,2125,28,69.9,730,1.73,18.5,19.9,59.2,300.9,< 4.3,7.2,45.2,149.5,254.1
Apple 3-10 4c,Municipal (City Vendors)  ,2010,BULK,0.28,3.27,15.85,0.36,0.36,0.1,1.23,2.92,2528,28.9,80.6,720,1.92,22.3,18.5,65,277.2,5,7,50.9,152.6,258.5
Apple 3-10 4 average,Municipal (City Vendors)  ,2010,BULK,0.31,3.28,15.88,0.37,0.36,0.1,1.23,2.99,2359.89,29.86,76.96,729.89,1.82,20.15,19.09,60.74,288.9,4.9,6.99,48.47,153,263.07
Apple 3-10 5a,Municipal (City Vendors)  ,2010,BULK,0.33,3.31,16.43,0.37,0.39,0.11,1.3,3.04,2478,26.4,113.5,685,1.82,17.4,17.2,56.8,266.4,4.6,5.6,54.1,151.1,198.8
Apple 3-10 5b,Municipal (City Vendors)  ,2010,BULK,0.3,3.21,15.84,0.36,0.38,0.11,1.22,2.99,2513,34.1,83,693,1.81,22.9,17.9,55.7,277.3,< 4.1,6.5,45.2,152.3,224.7
Apple 3-10 5c,Municipal (City Vendors)  ,2010,BULK,0.3,3.23,15.98,0.36,0.37,0.1,1.29,2.93,2241,40.4,63.7,669,1.68,17.7,17.1,53.2,257.6,< 3.9,6.6,49.8,145.4,206.8
Apple 3-10 5 average,Municipal (City Vendors)  ,2010,BULK,0.31,3.25,16.08,0.37,0.38,0.11,1.27,2.99,2410.67,33.63,86.73,682.33,1.77,19.33,17.4,55.23,267.1,4.6,6.23,49.7,149.6,210.1
Apple D'Or A1,Municipal (City Vendors)  ,2011,BULK,0.29,1.7,11.04,0.23,0.32,0.02,0.69,3.16,1236,17.3,65.3,817,1.65,16.7,20.4,70.6,353.8,4.6,5.9,40.6,140.7,211.2
Apple D'Or A2,Municipal (City Vendors)  ,2011,BULK,0.35,1.79,10.38,0.23,0.3,0.02,0.68,3.15,1112,24.9,62.2,747,1.62,18.2,18.2,68,330.5,5.3,5.2,39.8,142.4,204.5
Apple D'Or A3,Municipal (City Vendors)  ,2011,BULK,0.31,1.65,11.74,0.23,0.36,0.02,0.7,3.28,1221,16.4,68.6,769,1.72,16.9,18.1,64.5,319.6,4.4,4.2,41.9,132.7,168.6
Apple D'Or average,Municipal (City Vendors)  ,2011,BULK,0.32,1.71,11.05,0.23,0.33,0.02,0.69,3.2,1189.67,19.53,65.37,777.67,1.66,17.27,18.9,67.7,334.63,4.77,5.1,40.77,138.6,194.77
BB 18 Long #1 A1,Compost/Loam Mix,2011,BULK,0.22,6.34,22.11,0.23,0.1,0.03,1.37,1.48,4572,57,97.1,605,2.77,32.1,22.5,35.6,108.5,5,8.8,64.2,165.4,108.5
BB 18 Long #1 A2,Compost/Loam Mix,2011,BULK,0.22,6.14,21.17,0.23,0.1,0.03,1.26,1.42,4209,60,95.4,605,2.67,< 22,23.1,38.3,111.2,5.6,9.3,58.9,154.1,104.3
BB 18 Long #1 A3,Compost/Loam Mix,2011,BULK,0.22,6.07,20.65,0.21,0.08,0.03,1.29,1.34,4161,48,78.8,601,2.61,< 22,21.1,38.3,113.7,7.3,9.1,59.9,154.9,102
BB 18 Long #1 average,Compost/Loam Mix,2011,BULK,0.22,6.18,21.31,0.22,0.09,0.03,1.31,1.41,4314,55,90.43,603.67,2.68,32.1,22.23,37.4,111.13,5.97,9.07,61,158.13,104.93
BB WC #1 A1,Compost/Loam Mix,2011,BULK,0.31,6.34,21.95,0.22,0.1,0.07,1.36,1.63,4443,39,80.5,625,2.75,< 24,24.7,33.5,105.1,7,10.3,66.7,158.2,89.1
BB WC #1 A2,Compost/Loam Mix,2011,BULK,0.27,6.57,23.16,0.21,0.09,0.06,1.35,1.5,4198,60,105.7,632,2.83,25,23.2,34.2,100.1,7.7,9.3,61.1,167.6,86.1
BB WC #1 A3,Compost/Loam Mix,2011,BULK,0.27,6.52,22.52,0.21,0.09,0.06,1.4,1.52,4699,36.7,97.4,648,2.85,25.5,23.8,33.3,96.2,5.8,9.8,68.2,161.3,86.1
BB WC #1 average,Compost/Loam Mix,2011,BULK,0.29,6.47,22.54,0.21,0.1,0.06,1.37,1.55,4446.67,45.23,94.53,635,2.81,25.25,23.9,33.67,100.47,6.83,9.8,65.33,162.37,87.1
BB WC #2 A1,Compost/Loam Mix,2011,BULK,0.31,5.56,19.79,0.24,0.13,0.04,1.3,2.12,3890,72,93.5,766,2.43,32.4,21.3,38.6,135.6,7.2,8.7,53.4,172.3,93.6
BB WC #2 A2,Compost/Loam Mix,2011,BULK,0.23,4.92,17.5,0.22,0.13,0.04,1.14,2.08,3334,37.4,74.6,655,2.18,26.5,18.6,39,139.1,6.5,9.3,50,160.6,101.7
BB WC #2 A3,Compost/Loam Mix,2011,BULK,0.28,5.35,18.82,0.23,0.14,0.04,1.26,2.07,3651,48.8,82,675,2.32,25,21.5,35.8,126.6,5.2,8.5,58.7,154.8,92
BB WC #2 average,Compost/Loam Mix,2011,BULK,0.27,5.28,18.7,0.23,0.13,0.04,1.23,2.09,3625,52.73,83.37,698.67,2.31,27.97,20.47,37.8,133.77,6.3,8.83,54.03,162.57,95.77
compread2010-1.1,Compost/Loam Mix,2010,BULK,0.19,3.38,17.01,0.37,0.38,0.13,1.83,2.26,2056,< 21,78.4,591,1.77,26.9,17.6,66.9,245.5,3.3,5.8,72.7,118.5,149.1
compread2010-1.2,Compost/Loam Mix,2010,BULK,0.08,3.54,19.89,0.36,0.35,0.12,1.84,2.08,2264,< 23,83.5,546,1.66,25.1,13.7,51.8,194.6,< 3.2,4.4,73.4,113.6,125
compread2010-1.3,Compost/Loam Mix,2010,BULK,0.33,2.92,13.5,0.38,0.42,0.15,1.75,2.51,1958,19.7,75,688,1.9,15.9,18.1,83.8,298.1,6.4,7.3,72.5,123.5,185.7
compread average,Compost/Loam Mix,2010,BULK,0.2,3.28,16.8,0.2,0.2,0.2,0.2,0.2,0.2,0.2,0.2,0.2,0.2,0.2,0.2,0.2,0.2,0.2,0.2,0.2,0.2,0.2
GT Mill #1 A1,Compost/Loam Mix,2011,BULK,< 0.023,4.88,23.04,0.23,0.12,0.01,1.18,1.12,2932,< 25,80.4,464.7,1.75,< 18,12.9,29.1,90,3.1,5.3,49.3,84,81
GT Mill #1 A2,Compost/Loam Mix,2011,BULK,< 0.023,5.3,23.06,0.24,0.12,0.01,1.19,1.08,3280,< 27,78.6,443.8,1.8,< 18,11.4,27.4,85.5,4.3,4.8,47.9,84,67.5
GT Mill #1 A3,Compost/Loam Mix,2011,BULK,< 0.023,5.14,22.88,0.23,0.12,0.01,1.17,1.07,3360,< 27,76,448.4,1.86,17.5,11.4,26.3,85.1,3.1,4.7,46.7,75.7,62.8
GT Mill #1 average,Compost/Loam Mix,2011,BULK, NA,5.1,22.99,0.23,0.12,0.01,1.18,1.09,3190.67, NA,78.33,452.3,1.8,17.5,11.9,27.6,86.87,3.5,4.93,47.97,81.23,70.43
RBR Rox #1 A1,Compost/Loam Mix,2011,BULK,< 0.023,5.23,22.75,0.21,0.12,0.01,1.16,1.13,3217,< 26,64.2,409.5,1.71,17.9,9.6,28,80.5,3.2,4,45.7,74.5,48
RBR Rox #1 A2,Compost/Loam Mix,2011,BULK,< 0.022,5.1,19.29,0.19,0.12,0.01,1.06,1.33,3237,30.4,63.8,508.4,2.09,23.3,11.6,44,119.6,4.1,6.1,47.3,82.3,70.1
RBR Rox #1 A3,Compost/Loam Mix,2011,BULK,< 0.022,5.36,21.27,0.21,0.13,0.01,1.18,1.3,3549,< 27,74.6,480,2.09,< 19,11.9,36.4,103.8,8.8,5.7,49.9,90.7,59.1
RBR Rox #1 average,Compost/Loam Mix,2011,BULK, NA,5.23,21.1,0.2,0.12,0.01,1.13,1.25,3334.33,30.4,67.53,465.97,1.96,20.6,11.03,36.13,101.3,5.37,5.27,47.63,82.5,59.07
RP Alex #1 A1,Compost/Loam Mix,2011,BULK,< 0.022,4.1,19.72,0.6,0.22,0.01,1.09,2.32,2820,39.4,65.8,540,1.62,< 17,12.4,27.3,102.4,3.3,5.2,49,100.2,57.3
RP Alex #1 A2,Compost/Loam Mix,2011,BULK,0.06,4.42,18.36,0.64,0.25,0.01,1.11,2.67,3064,29,65.5,583,1.9,24.2,12.8,32.1,121.3,5.2,5,48.4,106.4,64
RP Alex #1 A3,Compost/Loam Mix,2011,BULK,0.02,4.25,18.71,0.62,0.23,0.01,1.07,2.5,2821,< 25,65.9,571,1.77,< 18,11.9,34.7,112.1,4.7,5.6,47.3,104,65.8
RP Alex #1 average,Compost/Loam Mix,2011,BULK,0.04,4.26,18.93,0.62,0.23,0.01,1.09,2.5,2901.67,34.2,65.73,564.67,1.76,24.2,12.37,31.37,111.93,4.4,5.27,48.23,103.53,62.37
Whan HC A1,Compost/Loam Mix,2011,BULK,< 0.021,4.45,18.4,0.64,0.18,0,1.01,2.62,3251,29.4,65.6,630,1.91,17.5,15.3,40.1,143.9,5.6,6.7,48.4,119.9,83.1
Wham HC A2,Compost/Loam Mix,2011,BULK,0.04,4.11,16.81,0.59,0.18,0.01,0.96,2.45,2913,23.6,50.6,580,1.65,19,10.8,36.9,119.9,6.1,6.1,49.4,111,72.4
Wham HC A3,Compost/Loam Mix,2011,BULK,< 0.021,4.34,17.91,0.64,0.2,0.01,1.01,2.61,3004,< 25,70.2,551,1.85,< 18,15.3,33.4,118.3,4.5,6.1,48.3,118,77.4
Uphams HC average,Compost/Loam Mix,2011,BULK,0.04,4.3,17.71,0.63,0.19,0.01,0.99,2.56,3056,26.5,62.13,587,1.81,18.25,13.8,36.8,127.37,5.4,6.3,48.7,116.3,77.63
BH Club #1 A1,Compost/Loam Mix,2011,BULK,< 0.021,5.08,19.35,0.25,0.15,0.03,1.13,1.5,3121,< 25,75.6,560,2.21,< 19,16.5,38.1,114.5,4.8,6.9,53,94.3,92
BH Club #1 A2,Compost/Loam Mix,2011,BULK,< 0.022,5.19,20.14,0.25,0.16,0.03,1.12,1.48,3137,23.3,81.9,599,2.13,< 19,14.1,38.6,114.9,3.7,6.7,56.7,104.3,66.1
BH Club #1 A3,Compost/Loam Mix,2011,BULK,0.04,5.35,19.83,0.25,0.16,0.03,1.14,1.45,3175,38.1,79,559,2.19,19.4,14.4,39.2,111.7,5.8,6.6,52.8,99.6,63.2
BH Club #1 average,Compost/Loam Mix,2011,BULK,0.04,5.21,19.77,0.25,0.16,0.03,1.13,1.48,3144.33,30.7,78.83,572.67,2.17,19.4,15,38.63,113.7,4.77,6.73,54.17,99.4,73.77
BH Club #2 A1,Compost/Loam Mix,2011,BULK,< 0.022,5.19,20.61,0.24,0.15,0.02,1.15,1.43,3069,27.1,79.7,552,2.09,< 19,14.4,34.4,106.5,5.5,6.4,53.8,104.7,60.3
BH Club #2 A2,Compost/Loam Mix,2011,BULK,< 0.022,5.16,21.06,0.24,0.15,0.02,1.22,1.48,2973,< 25,59,539,1.97,< 19,13.9,33.2,98.3,4.8,6.2,55.4,100.4,60.6
BH Club #2 A2,Compost/Loam Mix,2011,BULK,< 0.022,5.36,21.69,0.26,0.15,0.02,1.25,1.47,3317,< 27,84.1,555,2.1,< 20,14.7,34.2,97.9,5.2,6.3,56.3,107.8,60.4
BH Club #2 average,Compost/Loam Mix,2011,BULK, NA,5.24,21.12,0.25,0.15,0.02,1.21,1.46,3119.67,27.1,74.27,548.67,2.05, NA,14.33,33.93,100.9,5.17,6.3,55.17,104.3,60.43
BH Club #3 A1,Compost/Loam Mix,2011,BULK,< 0.022,5.26,20.78,0.31,0.18,0.02,1.2,1.47,3163,< 26,73.5,537,2.25,< 20,14.4,37.3,103.1,5.3,5.6,52.5,110,61.6
BH Club #3 A2,Compost/Loam Mix,2011,BULK,< 0.022,5.13,21.07,0.3,0.18,0.02,1.18,1.46,3153,32.8,79.1,542,2,< 18,12.3,38.1,99.9,5.6,5.5,51.4,96.9,79.6
BH Club #3 A3,Compost/Loam Mix,2011,BULK,< 0.023,5.19,20.81,0.32,0.19,0.03,1.22,1.55,3124,< 26,75.9,565,2.09,18.2,13.7,36,110.4,4.7,5.8,54.2,103.3,59.7
BH Club #3 average,Compost/Loam Mix,2011,BULK, NA,5.19,20.89,0.31,0.18,0.02,1.2,1.49,3146.67,32.8,76.17,548,2.11,18.2,13.47,37.13,104.47,5.2,5.63,52.7,103.4,66.97
dimock #1 A2,Compost/Loam Mix,2011,BULK,0.33,3.87,15.22,0.46,0.31,0.04,1.13,2.23,2775,30.4,81.1,605.1,1.82,19,30.6,77.6,203.9,6.6,7.8,48.4,140.4,165.1
dimock #1 A3,Compost/Loam Mix,2011,BULK,0.36,3.98,15.25,0.47,0.32,0.04,1.15,2.29,2752,36.3,86,597,1.92,16.8,29,77.7,219.7,6.1,8.5,46.8,145.2,162.3
Dimock #1 A1,Compost/Loam Mix,2011,BULK,0.32,4.01,16.08,0.47,0.3,0.04,1.16,2.12,2794,33.7,81.7,593,2.01,< 18,26.2,75.1,198.1,6.9,7.4,51.3,147.7,153.8
Dimock #1 average,Compost/Loam Mix,2011,BULK,0.34,3.96,15.52,0.47,0.31,0.04,1.14,2.21,2773.67,33.47,82.93,598.37,1.91,17.9,28.6,76.8,207.23,6.53,7.9,48.83,144.43,160.4
Dimock #2 A1,Compost/Loam Mix,2011,BULK,0.4,3.87,14.98,0.5,0.36,0.02,1.13,2.49,2775,21.8,67.5,610,1.81,18.4,25.3,64.8,210,7.6,8.8,49.8,137.4,141.1
Dimock #2 A2,Compost/Loam Mix,2011,BULK,0.4,4.26,16.87,0.53,0.37,0.02,1.23,2.54,2900,< 24,81,628,1.96,20,27.4,64.3,210.7,7.2,8.7,49.5,149.4,148.1
Dimock #2 A3,Compost/Loam Mix,2011,BULK,0.41,4.22,17.14,0.53,0.37,0.03,1.29,2.42,2998,31.8,243.3,608,2.01,20.8,30.5,58.3,189.3,3.6,7.9,52.7,144.5,147.4
Dimock #2 average,Compost/Loam Mix,2011,BULK,0.4,4.12,16.33,0.52,0.36,0.03,1.21,2.48,2891,26.8,130.6,615.33,1.92,19.73,27.73,62.47,203.33,6.13,8.47,50.67,143.77,145.53
RH West #1 A1,Compost/Loam Mix,2011,BULK,0.23,4.23,17.13,0.42,0.24,0.01,1.07,1.94,3070,27.7,87.9,619,2.13,22.3,34.1,92.2,227,5.5,7.9,53.9,149.1,220.4
RH West #1 A2,Compost/Loam Mix,2011,BULK,0.23,4.3,17.37,0.42,0.25,0.01,1.08,1.84,2899,23.8,87.1,538.2,2.05,25.9,32.5,80.3,212.5,7,7.7,51.9,134.8,196.8
RH West #1 A3,Compost/Loam Mix,2011,BULK,0.27,4.63,18.2,0.45,0.28,0.01,1.15,2.07,3125,30.1,89.2,651,2.12,20.4,33.3,74.4,211,6.9,7.4,67.2,152.9,197.3
RH West average,Compost/Loam Mix,2011,BULK,0.24,4.39,17.57,0.43,0.25,0.01,1.1,1.95,3031.33,27.2,88.07,602.73,2.1,22.87,33.3,82.3,216.83,6.47,7.67,57.67,145.6,204.83
Farfard.1.4um,Compost/Loam Mix,2012,BULK,2.86,2.56,11.46,0.4,0.79,0.14,2.19,2.21,3094,87,436,532,3.23,36.1,166.7,108.3,107.3,< 1.0,15.4,74.7,57.2,4.5
Farfard.3.4um,Compost/Loam Mix,2012,BULK,3.6,2.67,10.7,0.38,0.75,0.14,2.23,2.13,3557,73,427,571,3.38,48.8,177.7,104.9,108.5,< 1.0,15.2,80.4,60.3,5.4
Farfard.2.4um,Compost/Loam Mix,2012,BULK,3.06,2.41,10.33,0.36,0.77,0.13,2.23,2.21,3316,76,436,573,3.15,65.7,160.2,120.4,111.3,< 1.0,15.9,74.8,52.1,5
Farfard average,Compost/Loam Mix,2012,BULK,3.17,2.55,10.83,0.38,0.77,0.14,2.22,2.18,3322.33,78.67,433,558.67,3.26,50.2,168.2,111.2,109.03, NA,15.5,76.63,56.53,4.97
BC.1.4um,Commercial Food Sourced,2012,BULK,0.43,0.47,3.31,0.2,0.34,0.04,0.88,1.17,448.4,< 7.8,30.7,93.9,0.21,5.5,3.2,12.9,34.4,< 0.5,5.8,8.4,34.3,2.6
BC.2.4um,Commercial Food Sourced,2012,BULK,0.38,0.42,3.92,0.19,0.33,0.04,0.78,1.03,621.3,< 8.6,22.4,89.2,0.18,5.4,3.7,12.9,32.9,< 0.5,5.3,8.1,33.7,2.9
BC.3.4um,Commercial Food Sourced,2012,BULK,0.44,0.46,2.84,0.17,0.31,0.05,0.85,1.1,484.9,< 8.0,33.5,100.9,0.2,7.4,3.7,13.1,36.7,< 0.5,5.6,9.1,36.4,3.4
Biocomp A1,Commercial Food Sourced,2011,BULK,0.38,0.38,1.93,0.15,0.26,0.03,0.77,0.97,329.2,< 6.9,29.9,79.9,0.16,6,3.4,11.8,29.7,< 0.5,5.2,7.7,32.5,2.8
Biocomp A2,Commercial Food Sourced,2011,BULK,0.4,0.41,2.71,0.18,0.3,0.03,0.75,1.04,405.4,< 7.2,25.6,91.9,0.17,< 3.8,3.6,12.2,32.3,< 0.4,5.4,7.9,32.6,2.2
Biocomp A3,Commercial Food Sourced,2011,BULK,0.39,0.34,2,0.15,0.25,0.03,0.72,0.94,330.2,< 6.8,31.6,87,0.18,4.3,3.4,11.6,32.6,< 0.5,4.9,7.8,33.8,2.2
biocomp average,Commercial Food Sourced,2011,BULK,0.4,0.41,2.79,0.17,0.3,0.04,0.79,1.04,436.57, NA,28.95,90.47,0.19,5.72,3.5,12.42,33.1, NA,5.37,8.17,33.88,2.68
biocomp tea <250,Commercial Food Sourced,2011,<250,0.54,0.51,3.6,0.24,0.42,0.06,1.06,1.44,727.8,< 9.9,29.8,136.2,0.28,7.9,4,13.9,42.5,0.4,8.1,11.9,47.3,3.8
1A,Commercial Food Sourced,2010,BULK,0.57,2,10.15,1.51,0.5,0.38,1.28,6.39,1382.67,20.8,47.5,537.7,1.06,21.17,11.33,29.43,143.6,3.65,8.63,37.27,125,84.3
1B,Commercial Food Sourced,2010,BULK,0.53,1.17,5.6,1.21,0.42,0.36,0.9,6.93,3218,,44.23,408.93,0.7,33.17,8.07,29.27,99.47,1.9,7.27,24.8,102.8,43.47
1C,Commercial Food Sourced,2010,BULK,0.44,2,11.09,1.49,0.47,0.38,1.39,6.17,1172,16.8,51,470.2,1,38.73,12.37,33.43,135.27,2.6,8.3,40.93,113.17,62.73
brick ends 1 average,Commercial Food Sourced,2010,BULK,0.51,1.72,8.95,1.4,0.46,0.37,1.19,6.5,1924.22,18.8,47.58,472.28,0.92,31.02,10.59,30.71,126.11,2.72,8.07,34.33,113.66,63.5
2A,Commercial Food Sourced,2010,BULK,0.55,1.46,7.59,1.36,0.46,0.36,1.07,5.99,1071.67,,42.97,435.23,0.8,21.37,9.23,25.2,171.47,2.3,8.53,28.13,109.4,56.53
2B,Commercial Food Sourced,2010,BULK,0.64,1.84,9.08,1.65,0.47,0.52,1.15,6.62,1097,17.25,45.7,504.47,0.87,40.43,9.57,35.3,135.43,3,7.87,31.27,119.47,57.7
brick ends 2 average,Commercial Food Sourced,2010,BULK,0.59,1.65,8.33,1.5,0.47,0.44,1.11,6.3,1084.33,17.25,44.33,469.85,0.84,30.9,9.4,30.25,153.45,2.65,8.2,29.7,114.43,57.12
3A,Commercial Food Sourced,2010,BULK,0.5,2.18,11.45,1.56,0.5,0.34,1.51,6.77,1211,,46.77,515.1,0.96,22.17,10.1,29.73,129.47,2.2,7.27,41.63,141.53,64.57
3B,Commercial Food Sourced,2010,BULK,0.27,3.12,14.16,1.21,0.41,0.35,2.04,5.05,1650,23.4,45.77,437.1,1.23,71.87,10.27,20.6,112.1,3,6.1,44.03,133.27,51.23
3C,Commercial Food Sourced,2010,BULK,0.42,2.6,12.97,1.59,0.48,0.33,1.71,6.49,1221.33,,48.6,543.67,1.12,35.53,9.93,29.13,136.47,3.2,7.43,45.87,117,56.43
brick ends 3 average,Commercial Food Sourced,2010,BULK,0.4,2.63,12.86,1.45,0.46,0.34,1.75,6.1,1360.78,23.4,47.04,498.62,1.1,43.19,10.1,26.49,126.01,2.8,6.93,43.84,130.6,57.41
4C,Commercial Food Sourced,2010,BULK,0.53,1.77,10.06,1.4,0.47,0.34,1.23,6.57,1138,,43.83,557.4,0.91,59.2,11.3,29.5,178.33,3.17,7.83,34.07,132.2,79.43
COMPBRICK2011-1.1,Commercial Food Sourced,2011,BULK,0.71,1.99,8.26,2.96,0.46,0.01,0.79,12.12,1586,< 23,63.3,762,1.26,< 17,14.9,35.5,179.7,4,5.8,39.7,172.1,93.4
COMPBRICK2011-1.2,Commercial Food Sourced,2011,BULK,0.75,2.18,9.19,3.17,0.43,0.01,0.84,11.6,1903,< 25,59.5,718,1.32,20.1,12.7,29.6,154.9,< 3.0,4.8,42.8,173.5,84.8
COMPBRICK2011-1.3,Commercial Food Sourced,2011,BULK,0.76,2.15,8.78,3.23,0.42,0.01,0.82,12.02,1785,< 24,62.5,742,1.32,23.9,12.9,27.3,156.7,3.9,4.5,44.8,175.8,82.1
compbrick average,Commercial Food Sourced,2011,BULK,0.74,2.11,8.74,3.12,0.43,0.01,0.81,11.91,1758, NA,61.77,740.67,1.3,22,13.5,30.8,163.77,3.95,5.03,42.43,173.8,86.77
Brick End A1,Commercial Food Sourced,2011,BULK,0.71,1.82,6.96,2.53,0.43,0.01,0.72,9.89,1234,< 19,47.6,728,1.26,< 16,14.7,40,172.4,6,6.1,37.6,151.7,87.3
Brick End A2,Commercial Food Sourced,2011,BULK,0.74,1.89,7.42,2.61,0.45,0.02,0.76,10.21,1566,< 21,56.4,733,1.2,< 16,17.4,40.8,166.2,5.5,7,38.2,150.6,84.3
Brick End A3,Commercial Food Sourced,2011,BULK,0.76,1.94,7.13,2.53,0.46,0.01,0.72,10.13,1319,< 20,55.1,707,1.25,< 16,14.3,39.6,170.9,5.2,6.2,37.3,149.6,86.8
Brick End average,Commercial Food Sourced,2011,BULK,0.73,1.88,7.17,2.56,0.45,0.01,0.73,10.08,1373, NA,53.03,722.67,1.24, NA,15.47,40.13,169.83,5.57,6.43,37.7,150.63,86.13
Brick WC Comp #1 A1,Commercial Food Sourced,2011,BULK,0.69,1.69,7.26,1.42,0.45,0.41,1.19,5.02,1214,< 16,50.7,609.6,1.06,11.9,12.1,47.1,180.8,4.7,11.7,35.4,127.7,81.4
Brick WC Comp #1 A2,Commercial Food Sourced,2011,BULK,0.72,1.76,7.22,1.53,0.47,0.44,1.25,5.45,1294,< 17,47.6,664.8,1.09,12.2,11.6,53.8,182.8,4.3,12.3,34.1,134.4,81.1
Brick WC Comp #1 A3,Commercial Food Sourced,2011,BULK,0.72,1.75,7,1.38,0.46,0.43,1.22,4.87,1180,< 16,44.9,623.4,1.05,13.7,10.1,53.3,177.8,3.8,11.6,38,130.9,85.1
Brick WC Comp average,Commercial Food Sourced,2011,BULK,0.71,1.73,7.16,1.44,0.46,0.43,1.22,5.11,1229.33, NA,47.73,632.6,1.06,12.6,11.27,51.4,180.47,4.27,11.87,35.83,131,82.53
Brick WC Comp #2 A1,Commercial Food Sourced,2011,BULK,0.67,1.87,8.14,1.36,0.47,0.44,1.32,4.93,1404,< 18,63.2,667,1.18,13.4,11.5,45.5,170.2,3.3,10.4,41.9,149.9,73.9
Brick WC Comp #2 A2,Commercial Food Sourced,2011,BULK,0.7,1.8,7.94,1.37,0.47,0.46,1.27,4.87,1268,< 17,40.7,649,1.13,14.4,12.1,44.8,171.6,4.9,11.1,40.3,138.2,73.1
Brick WC Comp #2 A3,Commercial Food Sourced,2011,BULK,0.7,1.98,8.79,1.5,0.47,0.44,1.32,5.19,1462,< 18,41.3,652,1.17,< 14,12.7,43.1,168.9,4.2,10.6,40.1,137.6,80.3
Brick WC Comp average,Commercial Food Sourced,2011,BULK,0.69,1.88,8.29,1.41,0.47,0.45,1.3,5,1378, NA,48.4,656,1.16,13.9,12.1,44.47,170.23,4.13,10.7,40.77,141.9,75.77
Scoop.1.4um,Backyard Food Sourced,2012,BULK,0.85,0.24,0.83,0.52,0.42,0.31,2.47,1.71,133.7,< 5.8,34.2,202,0.11,7,4.9,19.1,310.6,< 0.5,10.1,30.8,34,2
Scoop.3.4um,Backyard Food Sourced,2012,BULK,0.73,0.27,0.73,0.42,0.38,0.35,2.37,1.47,103,< 5.6,26.7,123.3,0.07,5.7,3.9,18,209.7,< 0.5,9,26.8,28.2,1.8
Scoop.2.4um,Backyard Food Sourced,2012,BULK,0.81,0.2,0.73,0.48,0.41,0.3,2.31,1.47,74.3,< 5.3,22.9,149.2,0.09,4.1,3.8,19.4,266.8,< 0.5,9,28.9,28.8,1.4
Scoop average,Backyard Food Sourced,2012,BULK,0.8,0.24,0.77,0.47,0.4,0.32,2.38,1.55,103.67, NA,27.93,158.17,0.09,5.6,4.2,18.83,262.37, NA,9.37,28.83,30.33,1.73
Jefferson St A1,Backyard Food Sourced,2011,BULK,0.54,0.52,2.35,0.32,0.4,0.21,1.6,2.32,394.1,9.7,31.2,226.3,0.49,13,5.4,34.4,97.5,< 1.8,12,25,86.9,72.8
Jefferson St.2,Backyard Food Sourced,2011,BULK,0.57,0.55,2.59,0.36,0.41,0.23,1.74,3.04,454.3,< 9.0,38.3,159.9,0.46,12.1,6.3,34.9,105.1,1.3,13.4,25.4,91.2,74.3
Jefferson St.3,Backyard Food Sourced,2011,BULK,0.55,0.55,2.51,0.34,0.41,0.23,1.74,2.84,464.1,< 8.9,29.2,156.8,0.44,11.7,7,37.8,103.4,2.1,13,24.3,82.9,74.7
Jefferson St average,Backyard Food Sourced,2011,BULK,0.55,0.54,2.48,0.34,0.41,0.22,1.69,2.73,437.5,9.7,32.9,181,0.46,12.27,6.23,35.7,102,1.7,12.8,24.9,87,73.93
COMP S1 bulk,Boston Biosolid,2011,BULK,0.96,1.57,5.98,1.61,1.56,,0.34,2.01,2888,35.9,117.1,326.5,2.51,,41.7,916.2,962,< 3.8,20.2,19.2,188.8,231.3
COMP S2 bulk,Boston Biosolid,2011,BULK,1.09,1.23,3.5,1.9,1.89,,0.25,1.72,3334,< 21,87.8,451.3,4.35,,21.6,556.7,1038,3,16.3,13.6,150.2,120.3
COMP S average,Boston Biosolid,2011,BULK,1.03,1.4,4.74,1.75,1.73, NA,0.3,1.86,3111,35.9,102.45,388.9,3.43, NA,31.65,736.45,1000,3,18.25,16.4,169.5,175.8
City Soil 3.2,Municipal (City Vendors) ,2016,BULK,0.674,1.077,6.394,0.3106,0.3758,0.23,1.035,4.371,841.2,< 12,31.4,670,0.8207,13.3,20.9,37.7,298.4,< 2.8,10.5,27.7,172,186
City Soil 1.1,Municipal (City Vendors) ,2016,BULK,0.531,5.253,22.89,0.3345,0.2458,0.1018,1.722,2.104,2533,25.9,53.7,525,1.653,23.4,27.7,30.6,106.6,5.3,5.7,67.3,142.3,104.2
City Soil 1.2,Municipal (City Vendors) ,2016,BULK,0.585,4.633,20.84,0.3362,0.2663,0.1192,1.666,2.128,2688,< 24,59.3,542,1.83,29.8,27.2,29.1,115.3,3,6.4,67.9,136.4,106.1
City Soil 1.3,Municipal (City Vendors) ,2016,BULK,0.648,4.788,21.26,0.3219,0.271,0.1147,1.628,2.875,2469,< 23,61.5,524,1.685,22.2,24.6,26.5,109.2,< 2.5,5.7,63.4,159.9,95.4
City Soil 2.1,Municipal (City Vendors) ,2016,BULK,0.658,1.339,8.012,0.3242,0.377,0.2229,1.098,4.278,1100,< 14,30.9,640,0.8531,20.4,19.9,36.9,295.9,< 3.0,10.4,30.8,177.2,197.8
City Soil 2.2,Municipal (City Vendors) ,2016,BULK,0.616,1.2,7.758,0.3068,0.3684,0.2109,1.038,4.045,943.9,20.2,26.6,601.8,0.9665,15,19.6,34.7,280.5,< 2.8,10.9,27.3,173.5,189.9
City Soil 2.3,Municipal (City Vendors) ,2016,BULK,0.5979,1.25,7.339,0.3005,0.3728,0.2155,1.049,3.949,969.5,24,27.9,609.9,0.8375,12.3,19.3,38.4,275.8,< 2.8,9.9,33.3,172.9,187.9
City Soil 3.1,Municipal (City Vendors) ,2016,BULK,0.694,1.359,7.5,0.3315,0.4887,0.2272,1.121,4.262,1218,42.6,32,641,1.236,20.7,24.9,39,294.6,< 2.9,9.7,35,173.9,178.7
City Soil 3.3,Municipal (City Vendors) ,2016,BULK,0.681,1.516,8.816,0.3327,0.3985,0.2396,1.248,4.402,1180,17.8,33,667,0.9488,23.8,21.2,41.2,297.7,< 3.6,11.2,37.7,186.5,284.5
Average,Municipal (City Vendors) ,2016,BULK,0.63,2.49,12.31,0.32,0.35,0.19,1.29,3.6,1549.18,26.1,39.59,602.3,1.2,20.1,22.81,34.9,230.44,4.15,8.93,43.38,166.07,170.06
Rocky Hill 1.1,Compost/Loam Mix,2015,BULK,0.982,6.079,24.55,0.3663,0.2591,0.02009,1.718,1.762,3296,< 27,96.4,528,2.28,30.4,64.9,55.2,152.5,< 3.2,7.7,77.3,142.1,158.8
Rocky Hill1.2,Compost/Loam Mix,2015,BULK,0.966,6.269,22.88,0.3875,0.2888,0.01361,1.643,2.307,3398,53,110.2,561,2.493,39.9,64.4,51.6,172.1,< 3.3,7.9,72.9,154.1,164.1
Rocky Hill1.3,Compost/Loam Mix,2015,BULK,1.012,5.916,22.76,0.3869,0.2871,0.01509,1.582,1.999,3588,< 27,120.4,541,2.377,35.1,63.4,47.1,150.7,3.2,7.3,70.4,156.8,149.8
Average,Compost/Loam Mix,2015,BULK,0.99,6.09,23.4,0.38,0.28,0.02,1.65,2.02,3427.33,53,109,543.33,2.38,35.13,64.23,51.3,158.43,3.2,7.63,73.53,151,157.57
Black Earth 1.1,Commercial Food Sourced,2016,BULK,0.685,3.384,11.19,1.245,0.4288,0.1174,0.9685,10.1,2728,32.5,63.4,723,1.911,20.8,33.6,51.9,162.1,< 2.9,12.5,45.7,166.8,110.2
Black Earth 1.2,Commercial Food Sourced,2016,BULK,0.693,3.333,11.13,1.232,0.4276,0.1052,0.9591,10.18,2719,< 27,54.4,730,1.893,23.4,36.3,65.5,170.1,< 2.9,13.3,45,158.7,110.1
Black Earth 1.3,Commercial Food Sourced,2016,BULK,0.723,3.643,11.6,1.18,0.4193,0.1185,1.016,9.513,2887,33.5,62.6,737,2.068,32.8,33.2,48,165.4,4.2,13.8,46,161.3,104.4
Average,Commercial Food Sourced,2016,BULK,0.7,3.45,11.31,1.22,0.43,0.11,0.98,9.93,2778,33,60.13,730,1.96,25.67,34.37,55.13,165.87,4.2,13.2,45.57,162.27,108.23
Brick 1.1,Commercial Food Sourced,2016,BULK,0.781,2.895,13.1,0.7821,0.5435,0.5827,1.417,3.104,2268,< 21,59,676,1.69,21.7,27.8,49.7,196.8,< 2.7,12.1,44.5,159.1,125.9
Brick 1.2,Commercial Food Sourced,2016,BULK,0.69,2.798,12.89,0.7475,0.4849,0.5027,1.347,2.907,2423,< 21,45.4,597,1.566,22.2,26.2,48.3,190.7,< 2.5,11.2,45.1,156,114.6
Brick 1.3,Commercial Food Sourced,2016,BULK,0.785,2.708,10.88,0.7157,0.5154,0.5807,1.341,3.016,1948,< 19,46.8,607,1.536,14.8,26.8,49.8,212.7,4.1,12.5,40.8,148.3,116.7
Average,Commercial Food Sourced,2016,BULK,0.75,2.8,12.29,0.75,0.51,0.56,1.37,3.01,2213, NA,50.4,626.67,1.6,19.57,26.93,49.27,200.07,4.1,11.93,43.47,154.47,119.07
comp city 2006 13.B2,Municipal (City Vendors) ,2006,BULK,0.489,2.317,16.54,0.2615,0.3133,0.0148,0.9443,3.357,1700,< 19,62,879,1.78,< 16,34.2,113.8,351.3,< 4.0,6.3,41.6,147.5,249.5
comp city 2006 24.B3,Municipal (City Vendors) ,2006,BULK,0.519,2.492,17.32,0.3091,0.364,0.0107,0.906,3.501,1727,< 19,53.6,765,1.625,< 15,29.3,67.5,320.7,< 3.7,6.2,36.5,135.2,225
BUSPH P1 A4 6,Municipal (City Vendors) ,2009,BULK,0.2032,0.6207,4.89,0.1126,0.1446,0.00941,0.3288,2.151,591,8.5,29.6,384.3,0.6741,10.8,16.1,46.6,198.2,< 2.2,4.4,14.8,106.3,142.9
BUSPH P1 A4 7,Municipal (City Vendors) ,2009,BULK,0.416,0.9546,5.435,0.1739,0.2376,0.02888,0.4703,3.291,763.8,12.3,26.7,593.2,0.8947,18.6,19.7,42,255.8,3.5,5.9,19.9,141.7,171.8
BUSPH P1 average,Municipal (City Vendors) ,2009,BULK,0.349185714,0.953314286,6.016285714,0.176671429,0.230314286,0.026405714,0.437742857,2.696,820.8428571,12.06666667,31.74285714,942.1285714,0.711628571,12.84285714,20.37142857,35.18571429,198.4,2.866666667,4.8,17.31428571,109.3571429,140.4142857
comp city 2017.B3,Municipal (City Vendors) ,2017,BULK,0.3067,0.8767,5.112,0.1128,0.1321,0.08085,0.5087,1.508,698.9,< 9.4,34.4,392,0.7644,8.7,16.2,25.5,119,1.4,4.5,23.7,88.1,65.3
dry comp city 2017.B2,Municipal (City Vendors) ,2017,BULK,0.79,2.678,14.81,0.3419,0.3249,0.2876,1.306,3.495,1905,< 21,74.7,866,1.652,31.4,34.6,55.1,375.4,10.7,59.2,37.4,179.7,140.4
comp city 2017 average,Municipal (City Vendors) ,2017,BULK,0.59,1.84,9.39,0.24,0.27,0.17,0.93,2.68,1461.09,19.2,51.57,643.43,1.25,19.5,27.19,42.69,220.06,4.92,14.61,32.94,128.87,112.4
